join-2-small-large [JOIN of a small and a large predicate]	PREFIX yago: <http://yago-knowledge.org/resource/> PREFIX rdfs: <http://www.w3.org/2000/01/rdf-schema#> SELECT (COUNT(*) AS ?count) WHERE { ?s yago:hasOfficialLanguage ?o1 . ?s rdfs:label ?o2 }
join-2-large-small [JOIN of a large and a small predicate]	PREFIX yago: <http://yago-knowledge.org/resource/> PREFIX rdfs: <http://www.w3.org/2000/01/rdf-schema#> SELECT (COUNT(*) AS ?count) WHERE { ?s rdfs:label ?o1 . ?s yago:hasOfficialLanguage ?o2 }
join-2-large-large [JOIN of two large predicates]	PREFIX rdfs: <http://www.w3.org/2000/01/rdf-schema#> PREFIX rdf: <http://www.w3.org/1999/02/22-rdf-syntax-ns#> SELECT (COUNT(*) AS ?count) WHERE { ?s rdfs:label ?o1 . ?s rdf:type ?o2 }
join-2-largest-result [JOIN of two predicates with the largest possible result]	PREFIX yago: <http://yago-knowledge.org/resource/> PREFIX rdfs: <http://www.w3.org/2000/01/rdf-schema#> SELECT (COUNT(*) AS ?count) WHERE { ?s rdfs:label ?o1 . ?s yago:redirectedFrom ?o2 }
join-2-large-large-with-large-result [JOIN of two large predicates with a reasonably large result]	PREFIX rdfs: <http://www.w3.org/2000/01/rdf-schema#> PREFIX rdf: <http://www.w3.org/1999/02/22-rdf-syntax-ns#> SELECT (COUNT(*) AS ?count) WHERE { ?s rdfs:label ?o1 . ?s rdf:type ?o2 }
join-2-large-large-with-small-result [JOIN of two large predicates with a small result]	PREFIX yago: <http://yago-knowledge.org/resource/> SELECT (COUNT(*) AS ?count) WHERE { ?s yago:wasCreatedOnDate ?o1 . ?s yago:wasBornOnDate ?o2 }
join-3-star-largest-sum-of-join-sizes [JOIN star of three large predicates with the largest sum of join sizes]	PREFIX rdfs: <http://www.w3.org/2000/01/rdf-schema#> PREFIX skos: <http://www.w3.org/2004/02/skos/core#> PREFIX owl: <http://www.w3.org/2002/07/owl#> SELECT (COUNT(*) AS ?count) WHERE { ?s owl:sameAs ?o1 . ?s rdfs:label ?o2 . ?s skos:prefLabel ?o3 . }
join-3-chain-largest-sum-of-join-sizes [JOIN chain of three large predicates with the largest sum of join sizes]	PREFIX yago: <http://yago-knowledge.org/resource/> PREFIX rdfs: <http://www.w3.org/2000/01/rdf-schema#> PREFIX rdf: <http://www.w3.org/1999/02/22-rdf-syntax-ns#> SELECT (COUNT(*) AS ?count) WHERE { ?a yago:isLocatedIn ?b . ?b rdf:type ?c . ?c rdfs:label ?d . }
join-xlarge-star-on-small-predicates [JOIN star of many small predicates]	PREFIX yago: <http://yago-knowledge.org/resource/> PREFIX rdfs: <http://www.w3.org/2000/01/rdf-schema#> PREFIX skos: <http://www.w3.org/2004/02/skos/core#> SELECT (COUNT(*) AS ?count) WHERE { ?s yago:hasOfficialLanguage ?o0 . ?s yago:isInterestedIn ?o1 . ?s yago:hasBudget ?o2 . ?s yago:exports ?o3 . ?s yago:isKnownFor ?o4 . ?s yago:hasGeonamesClassId ?o5 . ?s yago:hasNeighbor ?o6 . ?s yago:imports ?o7 . ?s yago:hasISBN ?o8 . ?s yago:hasUnemployment ?o9 . ?s yago:hasGDP ?o10 . ?s yago:hasTLD ?o11 . ?s yago:hasInflation ?o12 . ?s yago:hasExpenses ?o13 . ?s yago:hasEconomicGrowth ?o14 . ?s yago:hasExport ?o15 . ?s yago:hasPoverty ?o16 . ?s yago:hasImport ?o17 . ?s skos:narrower ?o18 . ?s yago:hasLanguageCode ?o19 . ?s yago:hasGini ?o20 . ?s rdfs:range ?o21 . ?s rdfs:domain ?o22 . ?s yago:hasNumber ?o23 . ?s yago:hasConfidence ?o24 . }
join-xlarge-chain-on-small-predicates [JOIN chain of many small predicates]	PREFIX yago: <http://yago-knowledge.org/resource/> PREFIX rdfs: <http://www.w3.org/2000/01/rdf-schema#> PREFIX skos: <http://www.w3.org/2004/02/skos/core#> SELECT (COUNT(*) AS ?count) WHERE { ?v0 yago:hasOfficialLanguage ?v1 . ?v1 yago:isInterestedIn ?v2 . ?v2 yago:hasBudget ?v3 . ?v3 yago:exports ?v4 . ?v4 yago:isKnownFor ?v5 . ?v5 yago:hasGeonamesClassId ?v6 . ?v6 yago:hasNeighbor ?v7 . ?v7 yago:imports ?v8 . ?v8 yago:hasISBN ?v9 . ?v9 yago:hasUnemployment ?v10 . ?v10 yago:hasGDP ?v11 . ?v11 yago:hasTLD ?v12 . ?v12 yago:hasInflation ?v13 . ?v13 yago:hasExpenses ?v14 . ?v14 yago:hasEconomicGrowth ?v15 . ?v15 yago:hasExport ?v16 . ?v16 yago:hasPoverty ?v17 . ?v17 yago:hasImport ?v18 . ?v18 skos:narrower ?v19 . ?v19 yago:hasLanguageCode ?v20 . ?v20 yago:hasGini ?v21 . ?v21 rdfs:range ?v22 . ?v22 rdfs:domain ?v23 . ?v23 yago:hasNumber ?v24 . ?v24 yago:hasConfidence ?v25 . }
optional-join-small-large [OPTIONAL JOIN of a small and a large predicate]	PREFIX yago: <http://yago-knowledge.org/resource/> PREFIX rdfs: <http://www.w3.org/2000/01/rdf-schema#> SELECT (COUNT(*) AS ?count) WHERE { ?s yago:hasOfficialLanguage ?o1 OPTIONAL { ?s rdfs:label ?o2 } }
optional-join-large-small [OPTIONAL JOIN of a large and a small predicate]	PREFIX yago: <http://yago-knowledge.org/resource/> PREFIX rdfs: <http://www.w3.org/2000/01/rdf-schema#> SELECT (COUNT(*) AS ?count) WHERE { ?s rdfs:label ?o1 OPTIONAL { ?s yago:hasOfficialLanguage ?o2 } }
optional-join-large-large [OPTIONAL JOIN of two large predicates]	PREFIX rdfs: <http://www.w3.org/2000/01/rdf-schema#> PREFIX rdf: <http://www.w3.org/1999/02/22-rdf-syntax-ns#> SELECT (COUNT(*) AS ?count) WHERE { ?s rdfs:label ?o1 OPTIONAL { ?s rdf:type ?o2 } }
optional-join-2-large-large-with-large-result [OPTIONAL JOIN of two large predicates with a reasonably large join result]	PREFIX rdfs: <http://www.w3.org/2000/01/rdf-schema#> PREFIX rdf: <http://www.w3.org/1999/02/22-rdf-syntax-ns#> SELECT (COUNT(*) AS ?count) WHERE { ?s rdfs:label ?o1 . OPTIONAL { ?s rdf:type ?o2 } }
optional-join-2-large-large-with-small-join-result-1 [OPTIONAL JOIN of two large predicates with a small join result]	PREFIX yago: <http://yago-knowledge.org/resource/> SELECT (COUNT(*) AS ?count) WHERE { ?s yago:wasCreatedOnDate ?o1 . OPTIONAL { ?s yago:wasBornOnDate ?o2 } }
optional-join-2-large-large-with-small-join-result-2 [OPTIONAL JOIN of two large predicates with a small join result]	PREFIX yago: <http://yago-knowledge.org/resource/> SELECT (COUNT(*) AS ?count) WHERE { ?s yago:wasBornOnDate ?o1 . OPTIONAL { ?s yago:wasCreatedOnDate ?o2 } }
optional-join-3-star-1 [OPTIONAL JOIN star of three large predicates with the largest sum of join sizes]	PREFIX rdfs: <http://www.w3.org/2000/01/rdf-schema#> PREFIX skos: <http://www.w3.org/2004/02/skos/core#> PREFIX owl: <http://www.w3.org/2002/07/owl#> SELECT (COUNT(*) AS ?count) WHERE { ?s owl:sameAs ?o1 . ?s rdfs:label ?o2 . OPTIONAL { ?s skos:prefLabel ?o3 . } }
optional-join-3-star-2 [OPTIONAL JOIN star of three large predicates with the largest sum of join sizes]	PREFIX rdfs: <http://www.w3.org/2000/01/rdf-schema#> PREFIX skos: <http://www.w3.org/2004/02/skos/core#> PREFIX owl: <http://www.w3.org/2002/07/owl#> SELECT (COUNT(*) AS ?count) WHERE { ?s owl:sameAs ?o1 . OPTIONAL { ?s rdfs:label ?o2 . ?s skos:prefLabel ?o3 . } }
optional-join-3-chain-1 [OPTIONAL JOIN chain of three large predicates with the largest sum of join sizes]	PREFIX yago: <http://yago-knowledge.org/resource/> PREFIX rdfs: <http://www.w3.org/2000/01/rdf-schema#> PREFIX rdf: <http://www.w3.org/1999/02/22-rdf-syntax-ns#> SELECT (COUNT(*) AS ?count) WHERE { ?a yago:isLocatedIn ?b . ?b rdf:type ?c . OPTIONAL { ?c rdfs:label ?d . } }
optional-join-3-chain-2 [OPTIONAL JOIN chain of three large predicates with the largest sum of join sizes]	PREFIX yago: <http://yago-knowledge.org/resource/> PREFIX rdfs: <http://www.w3.org/2000/01/rdf-schema#> PREFIX rdf: <http://www.w3.org/1999/02/22-rdf-syntax-ns#> SELECT (COUNT(*) AS ?count) WHERE { ?a yago:isLocatedIn ?b . OPTIONAL { ?b rdf:type ?c . ?c rdfs:label ?d . } }
minus-join-small-large [MINUS JOIN of a small and a large predicate]	PREFIX yago: <http://yago-knowledge.org/resource/> PREFIX rdfs: <http://www.w3.org/2000/01/rdf-schema#> SELECT (COUNT(*) AS ?count) WHERE { ?s yago:hasOfficialLanguage ?o1 MINUS { ?s rdfs:label ?o2 } }
minus-join-large-small [MINUS JOIN of a large and a small predicate]	PREFIX yago: <http://yago-knowledge.org/resource/> PREFIX rdfs: <http://www.w3.org/2000/01/rdf-schema#> SELECT (COUNT(*) AS ?count) WHERE { ?s rdfs:label ?o1 MINUS { ?s yago:hasOfficialLanguage ?o2 } }
minus-join-large-large [MINUS JOIN of two large predicates]	PREFIX rdfs: <http://www.w3.org/2000/01/rdf-schema#> PREFIX rdf: <http://www.w3.org/1999/02/22-rdf-syntax-ns#> SELECT (COUNT(*) AS ?count) WHERE { ?s rdfs:label ?o1 MINUS { ?s rdf:type ?o2 } }
minus-join-2-large-large-with-large-result [MINUS JOIN of two large predicates with a reasonably large join result]	PREFIX rdfs: <http://www.w3.org/2000/01/rdf-schema#> PREFIX rdf: <http://www.w3.org/1999/02/22-rdf-syntax-ns#> SELECT (COUNT(*) AS ?count) WHERE { ?s rdfs:label ?o1 . MINUS { ?s rdf:type ?o2 } }
minus-join-2-large-large-with-small-join-result-1 [MINUS JOIN of two large predicates with a small join result]	PREFIX yago: <http://yago-knowledge.org/resource/> SELECT (COUNT(*) AS ?count) WHERE { ?s yago:wasCreatedOnDate ?o1 . MINUS { ?s yago:wasBornOnDate ?o2 } }
minus-join-2-large-large-with-small-join-result-2 [MINUS JOIN of two large predicates with a small join result]	PREFIX yago: <http://yago-knowledge.org/resource/> SELECT (COUNT(*) AS ?count) WHERE { ?s yago:wasBornOnDate ?o1 . MINUS { ?s yago:wasCreatedOnDate ?o2 } }
minus-join-3-star-1 [MINUS JOIN star of three large predicates with the largest sum of join sizes]	PREFIX rdfs: <http://www.w3.org/2000/01/rdf-schema#> PREFIX skos: <http://www.w3.org/2004/02/skos/core#> PREFIX owl: <http://www.w3.org/2002/07/owl#> SELECT (COUNT(*) AS ?count) WHERE { ?s owl:sameAs ?o1 . ?s rdfs:label ?o2 . MINUS { ?s skos:prefLabel ?o3 . } }
minus-join-3-star-2 [MINUS JOIN star of three large predicates with the largest sum of join sizes]	PREFIX rdfs: <http://www.w3.org/2000/01/rdf-schema#> PREFIX skos: <http://www.w3.org/2004/02/skos/core#> PREFIX owl: <http://www.w3.org/2002/07/owl#> SELECT (COUNT(*) AS ?count) WHERE { ?s owl:sameAs ?o1 . MINUS { ?s rdfs:label ?o2 . ?s skos:prefLabel ?o3 . } }
minus-join-3-chain-1 [MINUS JOIN chain of three large predicates with the largest sum of join sizes]	PREFIX yago: <http://yago-knowledge.org/resource/> PREFIX rdfs: <http://www.w3.org/2000/01/rdf-schema#> PREFIX rdf: <http://www.w3.org/1999/02/22-rdf-syntax-ns#> SELECT (COUNT(*) AS ?count) WHERE { ?a yago:isLocatedIn ?b . ?b rdf:type ?c . MINUS { ?c rdfs:label ?d . } }
minus-join-3-chain-2 [MINUS JOIN chain of three large predicates with the largest sum of join sizes]	PREFIX yago: <http://yago-knowledge.org/resource/> PREFIX rdfs: <http://www.w3.org/2000/01/rdf-schema#> PREFIX rdf: <http://www.w3.org/1999/02/22-rdf-syntax-ns#> SELECT (COUNT(*) AS ?count) WHERE { ?a yago:isLocatedIn ?b . MINUS { ?b rdf:type ?c . ?c rdfs:label ?d . } }
exists-join-small-large [EXISTS JOIN of a small and a large predicate]	PREFIX yago: <http://yago-knowledge.org/resource/> PREFIX rdfs: <http://www.w3.org/2000/01/rdf-schema#> SELECT (COUNT(*) AS ?count) WHERE { ?s yago:hasOfficialLanguage ?o1 FILTER EXISTS { ?s rdfs:label ?o2 } }
exists-join-large-small [EXISTS JOIN of a large and a small predicate]	PREFIX yago: <http://yago-knowledge.org/resource/> PREFIX rdfs: <http://www.w3.org/2000/01/rdf-schema#> SELECT (COUNT(*) AS ?count) WHERE { ?s rdfs:label ?o1 FILTER EXISTS { ?s yago:hasOfficialLanguage ?o2 } }
exists-join-large-large [EXISTS JOIN of two large predicates]	PREFIX rdfs: <http://www.w3.org/2000/01/rdf-schema#> PREFIX rdf: <http://www.w3.org/1999/02/22-rdf-syntax-ns#> SELECT (COUNT(*) AS ?count) WHERE { ?s rdfs:label ?o1 FILTER EXISTS { ?s rdf:type ?o2 } }
exists-join-2-large-large-with-large-result [EXISTS JOIN of two large predicates with a reasonably large join result]	PREFIX rdfs: <http://www.w3.org/2000/01/rdf-schema#> PREFIX rdf: <http://www.w3.org/1999/02/22-rdf-syntax-ns#> SELECT (COUNT(*) AS ?count) WHERE { ?s rdfs:label ?o1 . FILTER EXISTS { ?s rdf:type ?o2 } }
exists-join-2-large-large-with-small-join-result-1 [EXISTS JOIN of two large predicates with a small join result]	PREFIX yago: <http://yago-knowledge.org/resource/> SELECT (COUNT(*) AS ?count) WHERE { ?s yago:wasCreatedOnDate ?o1 . FILTER EXISTS { ?s yago:wasBornOnDate ?o2 } }
exists-join-2-large-large-with-small-join-result-2 [EXISTS JOIN of two large predicates with a small join result]	PREFIX yago: <http://yago-knowledge.org/resource/> SELECT (COUNT(*) AS ?count) WHERE { ?s yago:wasBornOnDate ?o1 . FILTER EXISTS { ?s yago:wasCreatedOnDate ?o2 } }
exists-join-3-star-1 [EXISTS JOIN star of three large predicates with the largest sum of join sizes]	PREFIX rdfs: <http://www.w3.org/2000/01/rdf-schema#> PREFIX skos: <http://www.w3.org/2004/02/skos/core#> PREFIX owl: <http://www.w3.org/2002/07/owl#> SELECT (COUNT(*) AS ?count) WHERE { ?s owl:sameAs ?o1 . ?s rdfs:label ?o2 . FILTER EXISTS { ?s skos:prefLabel ?o3 . } }
exists-join-3-star-2 [EXISTS JOIN star of three large predicates with the largest sum of join sizes]	PREFIX rdfs: <http://www.w3.org/2000/01/rdf-schema#> PREFIX skos: <http://www.w3.org/2004/02/skos/core#> PREFIX owl: <http://www.w3.org/2002/07/owl#> SELECT (COUNT(*) AS ?count) WHERE { ?s owl:sameAs ?o1 . FILTER EXISTS { ?s rdfs:label ?o2 . ?s skos:prefLabel ?o3 . } }
exists-join-3-chain-1 [EXISTS JOIN chain of three large predicates with the largest sum of join sizes]	PREFIX yago: <http://yago-knowledge.org/resource/> PREFIX rdfs: <http://www.w3.org/2000/01/rdf-schema#> PREFIX rdf: <http://www.w3.org/1999/02/22-rdf-syntax-ns#> SELECT (COUNT(*) AS ?count) WHERE { ?a yago:isLocatedIn ?b . ?b rdf:type ?c . FILTER EXISTS { ?c rdfs:label ?d . } }
exists-join-3-chain-2 [EXISTS JOIN chain of three large predicates with the largest sum of join sizes]	PREFIX yago: <http://yago-knowledge.org/resource/> PREFIX rdfs: <http://www.w3.org/2000/01/rdf-schema#> PREFIX rdf: <http://www.w3.org/1999/02/22-rdf-syntax-ns#> SELECT (COUNT(*) AS ?count) WHERE { ?a yago:isLocatedIn ?b . FILTER EXISTS { ?b rdf:type ?c . ?c rdfs:label ?d . } }
union-no-constraint [UNION of two large predicates, no constraint]	PREFIX rdfs: <http://www.w3.org/2000/01/rdf-schema#> PREFIX rdf: <http://www.w3.org/1999/02/22-rdf-syntax-ns#> SELECT (COUNT(*) AS ?count) WHERE { { ?s rdfs:label ?o } UNION { ?s rdf:type ?o } }
union-constraint-from-star [UNION of two large predicates, constrained by a large predicate known to have join partners]	PREFIX rdfs: <http://www.w3.org/2000/01/rdf-schema#> PREFIX skos: <http://www.w3.org/2004/02/skos/core#> PREFIX owl: <http://www.w3.org/2002/07/owl#> SELECT (COUNT(*) AS ?count) WHERE { { ?s owl:sameAs ?o1 } UNION { ?s rdfs:label ?o1 } ?s skos:prefLabel ?o2 }
union-constraint-small-join [UNION of two large predicates, constrained by a join with a small result]	PREFIX yago: <http://yago-knowledge.org/resource/> SELECT (COUNT(*) AS ?count) WHERE { { ?s yago:wasCreatedOnDate ?o1 } UNION { ?s yago:wroteMusicFor ?o1 } ?s yago:wasBornOnDate ?o2 }
union-constraint-large-join [UNION of two large predicates, constrained by a join with a large result]	PREFIX yago: <http://yago-knowledge.org/resource/> PREFIX rdfs: <http://www.w3.org/2000/01/rdf-schema#> PREFIX skos: <http://www.w3.org/2004/02/skos/core#> SELECT (COUNT(*) AS ?count) WHERE { { ?s rdfs:label ?o1 } UNION { ?s yago:hasLongitude ?o1 } ?s skos:prefLabel ?o2 }
union-constraint-filter-restrictive [UNION of two large predicates, constraint by restrictive FILTER]	PREFIX rdfs: <http://www.w3.org/2000/01/rdf-schema#> PREFIX rdf: <http://www.w3.org/1999/02/22-rdf-syntax-ns#> SELECT (COUNT(*) AS ?count) WHERE { { ?s rdfs:label ?o } UNION { ?s rdf:type ?o } FILTER (?s = ?o) }
multicolumn-join-small [Multicolumn JOIN small]	PREFIX yago: <http://yago-knowledge.org/resource/> SELECT (COUNT(*) AS ?count) WHERE { ?s yago:created ?o . ?s yago:owns ?o }
multicolumn-join-large [Multicolumn JOIN large]	PREFIX yago: <http://yago-knowledge.org/resource/> PREFIX rdfs: <http://www.w3.org/2000/01/rdf-schema#> SELECT (COUNT(*) AS ?count) WHERE { ?s yago:hasGivenName ?o . ?s rdfs:label ?o }
group-by-count-object-high-multiplicity [GROUP BY with COUNT, for object with high multiplicity]	PREFIX yago: <http://yago-knowledge.org/resource/> SELECT ?object (COUNT(?subject) AS ?count) { ?subject yago:hasGender ?object . } GROUP BY ?object ORDER BY DESC(?count) LIMIT 10
group-by-count-object-low-multiplicity [GROUP BY with COUNT, for object with low multiplicity]	PREFIX rdfs: <http://www.w3.org/2000/01/rdf-schema#> SELECT ?object (COUNT(?subject) AS ?count) { ?subject rdfs:label ?object . } GROUP BY ?object ORDER BY DESC(?count) LIMIT 10
group-by-count-object-wrong-sort-order [GROUP BY with COUNT, for object but not sorted by object]	PREFIX yago: <http://yago-knowledge.org/resource/> PREFIX rdf: <http://www.w3.org/1999/02/22-rdf-syntax-ns#> SELECT ?o1 (COUNT(?s) AS ?count) { ?s yago:hasGender ?o1 . ?s rdf:type ?o2 . } GROUP BY ?o1 ORDER BY DESC(?count) LIMIT 10
group-by-complex-aggregate [GROUP BY with COUNT and MIN and MAX and SAMPLE]	PREFIX yago: <http://yago-knowledge.org/resource/> PREFIX rdf: <http://www.w3.org/1999/02/22-rdf-syntax-ns#> SELECT ?o1 (COUNT(?s) AS ?count) (MIN(?s) AS ?min) (MAX(?s) AS ?max) (SAMPLE(?s) AS ?sample) { ?s yago:hasGender ?o1 . ?s rdf:type ?o2 . } GROUP BY ?o1 ORDER BY DESC(?count) LIMIT 10
group-by-implicit-numeric-baseline [Implicit GROUP BY with COUNT on numeric predicate as baseline]	PREFIX yago: <http://yago-knowledge.org/resource/> SELECT (COUNT(?o) AS ?count) { ?s yago:hasConfidence ?o. }
group-by-implicit-numeric-sum [Implicit GROUP BY with SUM on numeric predicate]	PREFIX yago: <http://yago-knowledge.org/resource/> SELECT (SUM(?o) AS ?sum) { ?s yago:hasConfidence ?o. }
group-by-implicit-numeric-min [Implicit GROUP BY with MIN on numeric predicate]	PREFIX yago: <http://yago-knowledge.org/resource/> SELECT (MIN(?o) AS ?min) { ?s yago:hasConfidence ?o. }
group-by-implicit-numeric-max [Implicit GROUP BY with MAX on numeric predicate]	PREFIX yago: <http://yago-knowledge.org/resource/> SELECT (MAX(?o) AS ?max) { ?s yago:hasConfidence ?o. }
group-by-implicit-numeric-avg [Implicit GROUP BY with AVG on numeric predicate]	PREFIX yago: <http://yago-knowledge.org/resource/> SELECT (AVG(?o) AS ?avg) { ?s yago:hasConfidence ?o. }
group-by-implicit-string-baseline [Implicit GROUP BY with COUNT on string predicate as baseline]	PREFIX rdfs: <http://www.w3.org/2000/01/rdf-schema#> SELECT (COUNT(?o) AS ?count) { ?s rdfs:label ?o. }
group-by-implicit-string-min [Implicit GROUP BY with MIN on string predicate]	PREFIX rdfs: <http://www.w3.org/2000/01/rdf-schema#> SELECT (MIN(?o) AS ?min) { ?s rdfs:label ?o. }
group-by-implicit-string-max [Implicit GROUP BY with MAX on string predicate]	PREFIX rdfs: <http://www.w3.org/2000/01/rdf-schema#> SELECT (MAX(?o) AS ?max) { ?s rdfs:label ?o. }
group-by-string-groupconcat [GROUP BY with GROUP_CONCAT on string predicate with high subject multiplicity]	PREFIX rdfs: <http://www.w3.org/2000/01/rdf-schema#> SELECT (SUM(STRLEN(?cat)) AS ?sum) { { SELECT (GROUP_CONCAT(?o; SEPARATOR=" ") AS ?cat) { ?s rdfs:label ?o. } GROUP BY ?s } }
distinct-count-object-high-multiplicity [COUNT DISTINCT, for object with high multiplicity]	PREFIX yago: <http://yago-knowledge.org/resource/> SELECT (COUNT(DISTINCT ?object) AS ?count) { ?subject yago:hasGender ?object . }
distinct-count-object-low-multiplicity [COUNT DISTINCT, for object with low multiplicity]	PREFIX rdfs: <http://www.w3.org/2000/01/rdf-schema#> SELECT (COUNT(DISTINCT ?object) AS ?count) { ?subject rdfs:label ?object . }
distinct-count-object-wrong-sort-order [COUNT DISTINCT, for object but not sorted by object]	PREFIX yago: <http://yago-knowledge.org/resource/> PREFIX rdf: <http://www.w3.org/1999/02/22-rdf-syntax-ns#> SELECT (COUNT(DISTINCT ?o1) AS ?count) { ?s yago:hasGender ?o1 . ?s rdf:type ?o2 . }
transitive-path-plus [Transitive path with plus]	PREFIX yago: <http://yago-knowledge.org/resource/> SELECT (COUNT(*) AS ?count) { ?s yago:hasChild+ ?o }
transitive-path-plus-fixed-subject [Transitive path with plus and a fixed subject]	PREFIX yago: <http://yago-knowledge.org/resource/> SELECT (COUNT(*) AS ?count) { yago:Grifo yago:hasChild+ ?o }
transitive-path-large-join-and-plus [Transitive path with a large join and plus]	PREFIX yago: <http://yago-knowledge.org/resource/> SELECT (COUNT(*) AS ?count) { ?s yago:isMarriedTo/yago:hasChild+ ?o }
transitive-path-small-join-and-plus [Transitive path with a small join and plus]	PREFIX yago: <http://yago-knowledge.org/resource/> SELECT (COUNT(*) AS ?count) { ?s yago:influences/yago:hasChild+ ?o }
regex-3-contains [CONTAINS filter with fixed string of length 3]	PREFIX rdfs: <http://www.w3.org/2000/01/rdf-schema#> SELECT (COUNT(*) AS ?count) WHERE { ?s rdfs:label ?o FILTER CONTAINS(?o, "com") }
regex-3-fixed [REGEX filter with fixed string of length 3]	PREFIX rdfs: <http://www.w3.org/2000/01/rdf-schema#> SELECT (COUNT(*) AS ?count) WHERE { ?s rdfs:label ?o FILTER REGEX(?o, "com") }
regex-3 [REGEX filter with expression of length 3]	PREFIX rdfs: <http://www.w3.org/2000/01/rdf-schema#> SELECT (COUNT(*) AS ?count) WHERE { ?s rdfs:label ?o FILTER REGEX(?o, "c.m") }
regex-prefix-1 [REGEX filter with prefix of length 1]	PREFIX rdfs: <http://www.w3.org/2000/01/rdf-schema#> SELECT (COUNT(*) AS ?count) WHERE { ?s rdfs:label ?o FILTER REGEX(?o, "^C") }
regex-prefix-2 [REGEX filter with prefix of length 2]	PREFIX rdfs: <http://www.w3.org/2000/01/rdf-schema#> SELECT (COUNT(*) AS ?count) WHERE { ?s rdfs:label ?object FILTER REGEX(?object, "^Co") }
regex-prefix-3 [REGEX filter with prefix of length 3]	PREFIX rdfs: <http://www.w3.org/2000/01/rdf-schema#> SELECT (COUNT(*) AS ?count) WHERE { ?s rdfs:label ?object FILTER REGEX(?object, "^Com") }
strlen [String length for large string predicate]	PREFIX rdfs: <http://www.w3.org/2000/01/rdf-schema#> SELECT (SUM(STRLEN(?o)) AS ?checksum) { ?s rdfs:label ?o . }
strbefore [STRBEFORE string function]	PREFIX rdfs: <http://www.w3.org/2000/01/rdf-schema#> SELECT (SUM(STRLEN(STRBEFORE(?o, "a"))) AS ?checksum) { ?s rdfs:label ?o . }
strafter [STRAFTER string function]	PREFIX rdfs: <http://www.w3.org/2000/01/rdf-schema#> SELECT (SUM(STRLEN(STRAFTER(?o, "a"))) AS ?checksum) { ?s rdfs:label ?o . }
strstarts [STRSTARTS string function]	PREFIX rdfs: <http://www.w3.org/2000/01/rdf-schema#> PREFIX xsd: <http://www.w3.org/2001/XMLSchema#> SELECT (SUM(xsd:integer(STRSTARTS(?o, "a"))) AS ?count) { ?s rdfs:label ?o . }
strends [STRENDS string function]	PREFIX rdfs: <http://www.w3.org/2000/01/rdf-schema#> PREFIX xsd: <http://www.w3.org/2001/XMLSchema#> SELECT (SUM(xsd:integer(STRENDS(?o, "a"))) AS ?count) { ?s rdfs:label ?o . }
result-size-tiny [Export 10 tuples]	PREFIX rdfs: <http://www.w3.org/2000/01/rdf-schema#> SELECT ?s ?o WHERE { ?s rdfs:label ?o } LIMIT 10
result-size-small [Export 1000 tuples]	PREFIX rdfs: <http://www.w3.org/2000/01/rdf-schema#> SELECT ?s ?o WHERE { ?s rdfs:label ?o } LIMIT 1000
result-size-medium [Export 100K tuples]	PREFIX rdfs: <http://www.w3.org/2000/01/rdf-schema#> SELECT ?s ?o WHERE { ?s rdfs:label ?o } LIMIT 100000
result-size-large [Export 1M tuples]	PREFIX rdfs: <http://www.w3.org/2000/01/rdf-schema#> SELECT ?s ?o WHERE { ?s rdfs:label ?o } LIMIT 1000000
result-size-xlarge [Export 10M tuples]	PREFIX rdfs: <http://www.w3.org/2000/01/rdf-schema#> SELECT ?s ?o WHERE { ?s rdfs:label ?o } LIMIT 10000000
numeric-baseline [Baseline for numeric queries]	PREFIX yago: <http://yago-knowledge.org/resource/> SELECT (SUM(?o) AS ?sum) WHERE { ?s yago:hasConfidence ?o }
numeric-abs [ABS function]	PREFIX yago: <http://yago-knowledge.org/resource/> SELECT (SUM(ABS(?o)) AS ?sum) WHERE { ?s yago:hasConfidence ?o }
numeric-ceil [CEIL function]	PREFIX yago: <http://yago-knowledge.org/resource/> SELECT (SUM(CEIL(?o)) AS ?sum) WHERE { ?s yago:hasConfidence ?o }
numeric-floor [FLOOR function]	PREFIX yago: <http://yago-knowledge.org/resource/> SELECT (SUM(FLOOR(?o)) AS ?sum) WHERE { ?s yago:hasConfidence ?o }
numeric-round [ROUND function]	PREFIX yago: <http://yago-knowledge.org/resource/> SELECT (SUM(ROUND(?o)) AS ?sum) WHERE { ?s yago:hasConfidence ?o }
numeric-add [Addition]	PREFIX yago: <http://yago-knowledge.org/resource/> SELECT (SUM(?o + ?o) AS ?sum) WHERE { ?s yago:hasConfidence ?o }
numeric-greater [Greater than]	PREFIX yago: <http://yago-knowledge.org/resource/> SELECT (SUM(?o > 0) AS ?sum) WHERE { ?s yago:hasConfidence ?o }
numeric-filter-bin-search-fifty-fifty [Numeric FILTER that filters out 50 percent of the values]	PREFIX yago: <http://yago-knowledge.org/resource/> SELECT (COUNT(?s) AS ?count) { ?s yago:hasConfidence ?o . FILTER (?o >= 0.9639) }
numeric-filter-bin-search-seventy-thirty [Numeric FILTER that filters out 70 percent of the values]	PREFIX yago: <http://yago-knowledge.org/resource/> SELECT (COUNT(?s) AS ?count) { ?s yago:hasConfidence ?o . FILTER (?o >= 0.9725) }
numeric-filter-bin-search-ninetyfive-five [Numeric FILTER that filters out 95 percent of the values]	PREFIX yago: <http://yago-knowledge.org/resource/> SELECT (COUNT(?s) AS ?count) { ?s yago:hasConfidence ?o . FILTER (?o >= 0.9791) }
filter-few-results [FILTER that filters out most rows and has few results]	PREFIX rdfs: <http://www.w3.org/2000/01/rdf-schema#> SELECT (COUNT(?s) AS ?count) { ?s rdfs:label ?o . FILTER (?s = ?o) }
filter-many-results [FILTER that filters out few rows and has many results]	PREFIX rdfs: <http://www.w3.org/2000/01/rdf-schema#> SELECT (COUNT(?s) AS ?count) { ?s rdfs:label ?o . FILTER (?s != ?o) }
filter-language-en [FILTER on string predicate for only English literals]	PREFIX rdfs: <http://www.w3.org/2000/01/rdf-schema#> SELECT (COUNT(?s) AS ?count) { ?s rdfs:label ?o . FILTER(LANG(?o) = "en") }
number-of-triples [Total number of triples]	SELECT (COUNT(?s) AS ?count) WHERE { ?s ?p ?o }
number-of-subjects [Total number of distinct subjects]	SELECT (COUNT(DISTINCT ?s) AS ?count) WHERE { ?s ?p ?o }
number-of-predicates [Total number of distinct predicates]	SELECT (COUNT(DISTINCT ?p) AS ?count) WHERE { ?s ?p ?o }
number-of-objects [Total number of distinct objects]	SELECT (COUNT(DISTINCT ?o) AS ?count) WHERE { ?s ?p ?o }
number-of-literals [Total number of literals]	SELECT (COUNT(?o) AS ?count) WHERE { ?s ?p ?o FILTER ISLITERAL(?o) }
number-of-blank-nodes [Total number of blank nodes]	SELECT (COUNT(?s) AS ?count) WHERE { ?s ?p ?o FILTER ISBLANK(?s) }
